City_ID,City,Lat,Lng,Max Temp,Humidity,Cloudiness,Wind Speed,Country,Date
0,port alfred,-33.5906,26.891,23.51,78,100,5.92,ZA,1703920624
1,waitangi,-43.9535,-176.5597,17.68,96,100,3.13,NZ,1703920624
2,walvis bay,-22.9575,14.5053,17.83,75,0,1.45,NA,1703920625
3,ushuaia,-54.8,-68.3,7.81,87,75,11.83,AR,1703920625
4,labytnangi,66.6572,66.4183,-15.64,78,50,10.53,RU,1703920626
5,smithers,54.7804,-127.1743,3.18,93,100,2.06,CA,1703920340
6,papatowai,-46.5619,169.4708,12.62,75,9,6.0,NZ,1703920627
7,qaqortoq,60.7167,-46.0333,-17.82,71,0,2.62,GL,1703920628
8,edinburgh of the seven seas,-37.0676,-12.3116,17.38,99,100,5.25,SH,1703920628
9,port elizabeth,-33.918,25.5701,25.05,66,100,1.24,ZA,1703920525
10,saldanha,-33.0117,17.9442,24.03,74,19,2.26,ZA,1703920629
11,enewetak,11.3474,162.3373,27.69,81,94,6.8,MH,1703920629
12,srirampur,22.9489,88.0189,26.49,37,0,3.02,IN,1703920630
13,st. john's,47.5649,-52.7093,1.1,96,100,8.23,CA,1703920630
14,blackmans bay,-43.0167,147.3167,16.52,49,95,1.79,AU,1703920631
15,manokwari,-0.8667,134.0833,28.17,78,44,2.03,ID,1703920632
16,mantua,45.1667,10.7833,8.38,91,100,0.45,IT,1703920632
17,yellowknife,62.456,-114.3525,-11.71,92,75,2.06,CA,1703920633
18,port-aux-francais,-49.35,70.2167,6.33,93,100,18.85,TF,1703920633
19,west island,-12.1568,96.8225,30.99,66,100,4.63,CC,1703920634
20,sisimiut,66.9395,-53.6735,-12.69,66,100,6.58,GL,1703920635
21,garissa,-0.4536,39.6401,30.54,62,55,5.52,KE,1703920636
22,ibanda,-2.7974,32.4746,19.73,94,100,1.72,TZ,1703920636
23,nar'yan-mar,67.6713,53.087,-16.05,97,100,4.02,RU,1703920636
24,sechura,-5.5569,-80.8222,22.86,75,99,2.72,PE,1703920637
25,punta arenas,-53.15,-70.9167,10.06,76,0,10.29,CL,1703920638
26,namibe,-15.1961,12.1522,21.13,74,45,2.45,AO,1703920638
27,san patricio,28.017,-97.5169,11.91,51,0,3.46,US,1703920639
28,mount gambier,-37.8333,140.7667,16.74,51,6,4.69,AU,1703920640
29,olonkinbyen,70.9221,-8.7187,-8.34,69,100,7.06,SJ,1703920640
30,albany,42.6001,-73.9662,4.8,85,100,3.13,US,1703920641
31,ouddorp,51.8117,3.9347,8.9,84,100,8.46,NL,1703920641
32,san jose de jachal,-30.2406,-68.7469,21.7,31,11,0.73,AR,1703920642
33,bilibino,68.0546,166.4372,-40.84,96,39,1.33,RU,1703920643
34,madhubani,26.3667,86.0833,24.43,39,0,2.72,IN,1703920643
35,kununurra,-15.7667,128.7333,40.99,29,100,1.54,AU,1703920644
36,nizhnesortymskiy,62.4397,71.7603,-12.56,96,100,3.75,RU,1703920644
37,tofol,5.3248,163.0078,28.28,80,100,5.77,FM,1703920644
38,yorkton,51.2167,-102.4677,-11.09,92,20,3.6,CA,1703920645
39,cockburn town,21.4612,-71.1419,25.56,77,10,2.51,TC,1703920645
40,taoudenni,22.6783,-3.9836,13.97,32,19,3.76,ML,1703920646
41,invercargill,-46.4,168.35,16.12,75,16,1.79,NZ,1703920647
42,zyryanovsk,49.7386,84.2719,-2.8,84,100,3.78,KZ,1703920648
43,margaret river,-33.95,115.0667,27.5,47,6,3.6,AU,1703920254
44,umm kaddadah,13.6017,26.6876,18.22,32,3,8.17,SD,1703920649
45,fale old settlement,-9.3852,-171.2468,29.13,68,100,4.6,TK,1703920649
46,papao,-17.75,-149.55,27.82,79,100,4.01,PF,1703920650
47,kerikeri,-35.2268,173.9474,24.39,85,4,2.99,NZ,1703920650
48,el alto,-4.2714,-81.2147,21.88,79,100,4.33,PE,1703920651
49,minas de marcona,-15.2119,-75.1103,17.44,84,81,1.63,PE,1703920651
50,weno,7.4515,151.8468,29.97,74,40,3.6,FM,1703920652
51,bokoro,12.3807,17.0568,21.82,19,56,4.87,TD,1703920652
52,puerto natales,-51.7236,-72.4875,8.25,71,40,3.09,CL,1703920653
53,college,64.8569,-147.8028,-21.72,76,75,0.0,US,1703920653
54,bikenibeu village,1.3673,173.1241,27.98,89,75,4.12,KI,1703920653
55,grytviken,-54.2811,-36.5092,-0.08,77,33,1.6,GS,1703920655
56,turuntayevo,52.2,107.6167,-9.95,90,81,1.07,RU,1703920655
57,arraial do cabo,-22.9661,-42.0278,24.82,89,35,3.87,BR,1703920644
58,pangody,65.85,74.4859,-11.73,94,100,9.67,RU,1703920656
59,ust-nera,64.5667,143.2,-44.6,98,89,1.46,RU,1703920657
60,kapuskasing,49.4169,-82.4331,-7.95,93,100,1.54,CA,1703920658
61,saint-christol-les-ales,44.0833,4.0833,4.73,86,89,1.9,FR,1703920658
62,preobrazheniye,42.9019,133.9064,-1.0,75,100,3.61,RU,1703920659
63,mondragon,12.5157,124.7523,27.81,85,95,4.29,PH,1703920660
64,vilyuchinsk,52.9306,158.4028,-11.71,71,98,4.37,RU,1703920660
65,kerema,-7.9631,145.7785,29.74,70,26,3.16,PG,1703920661
66,ixtapa,20.7,-105.2,19.57,71,14,1.63,MX,1703920661
67,buldana,20.5333,76.1833,26.9,32,2,1.41,IN,1703920438
68,bethel,41.3712,-73.414,7.19,86,100,1.54,US,1703920662
69,tindouf,27.6711,-8.1474,7.25,26,0,1.54,DZ,1703920662
70,klyuchi,52.2667,79.1667,-4.36,81,100,10.32,RU,1703920663
71,wailua homesteads,22.0669,-159.378,21.44,85,100,3.6,US,1703920663
72,colonia,50.9333,6.95,9.42,79,75,4.63,DE,1703920663
73,iqaluit,63.7506,-68.5145,-6.15,85,75,5.14,CA,1703920664
74,bredasdorp,-34.5322,20.0403,21.15,90,100,6.17,ZA,1703920664
75,ilulissat,69.2167,-51.1,-13.99,47,75,7.72,GL,1703920665
76,adamstown,-25.066,-130.1015,22.52,76,100,6.7,PN,1703920666
77,hami,42.8,93.45,-2.91,64,100,2.54,CN,1703920648
78,tibanbang,6.6315,126.1055,28.71,72,56,2.34,PH,1703920666
79,udachny,66.4167,112.4,-24.2,83,100,4.2,RU,1703920463
80,ayvacik,39.6011,26.4047,12.36,84,79,3.29,TR,1703920667
81,dalandzadgad,43.5708,104.425,-2.95,48,8,0.68,MN,1703920384
82,ribeira grande,38.5167,-28.7,14.22,72,20,4.12,PT,1703920668
83,uturoa,-16.7333,-151.4333,27.85,81,100,4.73,PF,1703920669
84,madang,-5.2246,145.7966,28.9,75,100,2.3,PG,1703920669
85,thompson,55.7435,-97.8558,-10.91,85,75,2.57,CA,1703920608
86,okha,53.5739,142.9478,-20.48,92,100,10.22,RU,1703920391
87,new romney,50.986,0.9412,10.12,92,20,6.17,GB,1703920671
88,el calafate,-50.3408,-72.2768,11.83,72,90,2.93,AR,1703920671
89,constantia,44.1833,28.65,3.38,81,100,3.48,RO,1703920671
90,queenstown,-31.8976,26.8753,22.69,56,81,3.37,ZA,1703920672
91,pauini,-7.7136,-66.9764,22.22,99,100,0.37,BR,1703920672
92,peterhead,57.5058,-1.7981,3.22,85,100,6.39,GB,1703920673
93,jamestown,42.097,-79.2353,1.97,99,100,3.6,US,1703920673
94,cruzeiro do sul,-29.5128,-51.9853,19.73,85,90,1.87,BR,1703920674
95,pedernales,18.0384,-71.744,25.21,83,66,0.94,DO,1703920674
96,yunyang,33.4474,112.7142,14.4,41,0,0.87,CN,1703920391
97,tura,25.5198,90.2201,24.73,46,59,1.48,IN,1703920675
98,belyy yar,53.6039,91.3903,-0.06,64,0,4.0,RU,1703920676
99,pathein,16.7833,94.7333,30.99,40,100,1.61,MM,1703920676
100,emerald,-23.5333,148.1667,34.63,38,100,5.14,AU,1703920677
101,padang,-0.9492,100.3543,30.03,84,87,3.72,ID,1703920260
102,rio grande,-32.035,-52.0986,15.53,66,10,6.26,BR,1703920678
103,matoury,4.8483,-52.3317,24.98,94,40,0.0,GF,1703920678
104,bathsheba,13.2167,-59.5167,25.34,83,20,3.6,BB,1703920679
105,anadyr,64.75,177.4833,-7.72,67,100,8.0,RU,1703920452
106,nuuk,64.1835,-51.7216,-10.66,62,41,2.57,GL,1703920679
107,chateaugiron,48.0463,-1.5044,9.83,100,100,3.6,FR,1703920680
108,luderitz,-26.6481,15.1594,20.08,71,0,2.71,NA,1703920681
109,sitka,57.0531,-135.33,9.94,81,100,4.12,US,1703920681
110,port saint john's,-31.6229,29.5448,25.8,65,37,5.44,ZA,1703920682
111,ancud,-41.8697,-73.8203,9.99,73,56,1.38,CL,1703920682
112,georgetown,5.4112,100.3354,29.97,75,20,4.12,MY,1703920683
113,prado,-17.3411,-39.2208,24.01,86,100,4.45,BR,1703920684
114,tazacorte,28.629,-17.9293,18.54,26,0,4.12,ES,1703920684
115,mahdia,35.5047,11.0622,10.97,85,100,2.97,TN,1703920685
116,dauphin,51.1494,-100.0502,-4.92,80,100,5.66,CA,1703920685
117,badger,64.8,-147.5333,-21.77,73,20,0.0,US,1703920686
118,kalininskaya,45.4822,38.6628,6.19,88,85,2.61,RU,1703920686
119,urangan,-25.3,152.9,26.17,84,96,11.75,AU,1703920687
120,podgornoye,51.735,39.1496,3.12,93,75,5.0,RU,1703920688
121,shitanjing,39.2342,106.3439,-1.12,42,0,4.1,CN,1703920689
122,vuktyl,63.8567,57.3094,-9.38,92,100,4.02,RU,1703920689
123,eldorado,-23.7869,-54.2836,20.17,95,92,2.21,BR,1703920690
124,lauro de freitas,-12.8944,-38.3272,24.01,88,20,1.54,BR,1703920690
125,lihue,21.9789,-159.3672,21.77,80,100,3.6,US,1703920691
126,augusto correa,-1.0217,-46.635,24.97,95,76,1.8,BR,1703920691
127,axim,4.8699,-2.2405,26.31,79,7,1.38,GH,1703920692
128,baki,-7.6128,110.7839,31.69,62,100,3.19,ID,1703920692
129,tchintabaraden,15.8969,5.7985,15.54,23,0,4.57,NE,1703920692
130,amga,60.8953,131.9608,-40.39,100,100,0.78,RU,1703920693
131,alesund,62.4723,6.1549,4.86,78,75,3.6,NO,1703920694
132,tabou,4.423,-7.3528,25.82,83,30,1.04,CI,1703920695
133,port said,31.2565,32.2841,19.35,70,0,5.3,EG,1703920695
134,punta del este,-34.9667,-54.95,16.6,65,40,6.69,UY,1703920696
135,flying fish cove,-10.4217,105.6791,28.82,78,75,5.66,CX,1703920696
136,lincheng,19.9078,109.6858,22.24,84,100,5.75,CN,1703920697
137,revda,56.801,59.9303,-14.97,90,100,7.26,RU,1703920698
138,itoman,26.1247,127.6694,25.22,83,75,9.26,JP,1703920596
139,taro,-8.3862,115.28,29.0,66,96,1.78,ID,1703920699
140,hanzhong,33.0728,107.0303,13.22,49,0,0.31,CN,1703920700
141,palamos,41.8484,3.1291,0.78,80,55,1.6,ES,1703920701
142,meulaboh,4.1363,96.1285,28.17,79,98,2.26,ID,1703920701
143,arcachon,44.5875,-1.0519,9.18,100,49,2.06,FR,1703920701
144,gornozavodsk,58.3758,58.3211,-15.79,94,100,5.85,RU,1703920702
145,kalamb,19.05,73.95,27.64,25,86,2.51,IN,1703920703
146,poso,-1.3959,120.7524,29.58,75,54,1.37,ID,1703920470
147,memari,23.2,88.1167,26.32,37,0,2.99,IN,1703920704
148,ha tinh,18.3333,105.9,21.02,93,100,2.78,VN,1703920595
149,atafu village,-8.5421,-172.5159,29.43,68,100,4.77,TK,1703920704
150,dudinka,69.4058,86.1778,-25.74,96,100,6.26,RU,1703920705
151,kunszentmarton,46.8392,20.2888,4.51,92,100,3.65,HU,1703920706
152,morehead city,34.7229,-76.726,7.22,75,0,7.72,US,1703920706
153,tsiombe,-25.3,45.4833,28.3,64,100,9.66,MG,1703920707
154,rethymno,35.3647,24.4714,14.79,73,100,2.56,GR,1703920708
155,kone,-21.0595,164.8658,28.26,66,73,0.67,NC,1703920708
156,remire-montjoly,4.9167,-52.2667,25.02,94,40,0.0,GF,1703920709
157,tolanaro,-25.0319,46.9987,24.95,88,100,7.19,MG,1703920709
158,avarua,-21.2078,-159.775,25.03,83,25,1.54,CK,1703920311
159,molchanovo,57.5817,83.7692,-7.58,84,100,7.27,RU,1703920710
160,praia da vitoria,38.7333,-27.0667,13.75,94,20,3.51,PT,1703920711
161,longboat key,27.4125,-82.659,12.02,82,0,0.0,US,1703920711
162,viedma,-40.8135,-62.9967,11.8,54,0,1.06,AR,1703920712
163,jendouba,36.5011,8.7802,5.01,93,20,1.03,TN,1703920712
164,utrik,11.2278,169.8474,27.2,83,100,9.1,MH,1703920713
165,pariaman,-0.619,100.12,31.03,78,86,4.56,ID,1703920714
166,keflavik,64.0049,-22.5624,-2.76,86,75,3.09,IS,1703920714
167,nouadhibou,20.931,-17.0347,16.99,48,97,3.09,MR,1703920699
168,east ballina,-28.8667,153.5833,26.56,75,69,7.8,AU,1703920715
169,corredor,8.64,-82.946,24.3,97,100,1.38,CR,1703920715
170,hermanus,-34.4187,19.2345,22.67,84,100,6.14,ZA,1703920716
171,daru,-9.0763,143.2092,29.74,70,16,4.19,PG,1703920717
172,hithadhoo,-0.6,73.0833,26.53,87,94,7.17,MV,1703920717
173,petropavlovsk-kamchatsky,53.0452,158.6483,-12.53,85,0,6.26,RU,1703920718
174,sandnessjoen,66.0217,12.6316,-6.71,70,99,8.14,NO,1703920718
175,aasiaat,68.7098,-52.8699,-21.55,86,100,5.74,GL,1703920719
176,east london,-33.0153,27.9116,21.52,88,40,4.12,ZA,1703920720
177,lastoursville,-0.8143,12.7287,25.41,81,99,0.72,GA,1703920720
178,hammerfest,70.6634,23.6821,-6.75,68,5,5.66,NO,1703920720
179,vadso,70.0744,29.7487,-6.91,86,100,2.06,NO,1703920721
180,ulsteinvik,62.3432,5.8487,4.86,82,100,4.47,NO,1703920722
181,pursat,12.3333,103.6667,33.16,44,22,2.54,KH,1703920447
182,stanley,54.868,-1.6985,0.71,96,0,1.54,GB,1703920722
183,chonchi,-42.6128,-73.8092,12.29,86,18,1.76,CL,1703920723
184,yinchuan,38.4681,106.2731,1.4,37,1,0.79,CN,1703920723
185,suva,-18.1416,178.4415,26.71,83,75,2.57,FJ,1703920671
186,grand gaube,-20.0064,57.6608,29.22,73,100,2.68,MU,1703920724
187,san antonio de pale,-1.4014,5.6325,26.92,82,15,3.87,GQ,1703920724
188,taseyevo,57.2169,94.8978,-1.48,87,73,3.13,RU,1703920725
189,lashio,22.9333,97.75,22.97,44,0,1.63,MM,1703920725
190,ranchettes,41.2186,-104.7903,4.06,49,20,0.89,US,1703920726
191,lambarene,-0.7001,10.2406,24.84,93,99,1.25,GA,1703920726
192,charters towers,-20.1,146.2667,37.09,30,3,7.79,AU,1703920599
193,melekeok village,7.4957,134.6367,30.31,74,75,3.09,PW,1703920727
194,isafjordur,66.0755,-23.124,-9.77,79,45,2.35,IS,1703920727
195,callao,-12.0667,-77.15,23.18,83,75,5.66,PE,1703920599
196,huambo,-12.7761,15.7392,18.95,80,15,0.71,AO,1703920728
197,safi,32.1667,-8.8333,10.86,28,11,2.62,MA,1703920729
198,popondetta,-8.7537,148.2534,29.94,67,100,2.01,PG,1703920729
199,tiksi,71.6872,128.8694,-36.33,98,94,4.74,RU,1703920730
200,angra do heroismo,38.65,-27.2167,13.95,85,20,3.97,PT,1703920730
201,mangai,-4.05,19.5333,22.22,93,100,1.31,CD,1703920731
202,palembang,-2.9167,104.7458,33.05,62,75,2.06,ID,1703920576
203,rongelap,11.1635,166.8941,27.4,85,100,8.21,MH,1703920732
204,caleta de carquin,-11.0925,-77.6267,21.42,89,100,4.28,PE,1703920733
205,port mathurin,-19.6833,63.4167,27.97,75,90,4.45,MU,1703920498
206,sarigerme,36.7155,28.7044,8.73,93,75,3.09,TR,1703920733
207,abu ghurayb,33.3083,44.185,12.97,94,0,3.6,IQ,1703920726
208,hamilton,39.1834,-84.5333,2.45,92,100,3.13,US,1703920734
209,wanning,18.8003,110.3967,23.79,86,87,5.27,CN,1703920734
210,kasson,44.03,-92.7507,-0.31,96,0,3.6,US,1703920735
211,champerico,14.3,-91.9167,24.35,81,63,1.87,GT,1703920735
212,hawaiian paradise park,19.5933,-154.9731,20.73,98,100,2.06,US,1703920736
213,talnakh,69.4865,88.3972,-20.92,98,100,1.7,RU,1703920737
214,malango,-2.9627,119.9001,26.53,82,84,1.57,ID,1703920738
215,nago,26.5881,127.9761,25.25,89,92,6.62,JP,1703920608
216,puerto ayora,-0.7393,-90.3518,24.75,96,42,0.45,EC,1703920738
217,aykhal,66.0,111.5,-25.53,97,100,5.38,RU,1703920739
218,khandyga,62.6667,135.6,-47.08,100,96,0.95,RU,1703920739
219,nizhniy kuranakh,58.8353,125.4869,-36.66,100,9,0.79,RU,1703920740
220,puerto carreno,6.189,-67.4859,25.98,78,100,1.21,CO,1703920740
221,poli,-3.3333,36.8,22.48,63,77,1.13,TZ,1703920740
222,undurkhaan,47.3194,110.6556,-10.35,93,17,1.61,MN,1703920741
223,west bay,19.3667,-81.4167,22.81,86,100,0.89,KY,1703920741
224,medina,24.4686,39.6142,18.24,68,40,2.06,SA,1703920540
225,rurrenabaque,-14.4413,-67.5278,23.5,97,49,0.5,BO,1703920742
226,yuzhno-kurilsk,44.0306,145.8556,-0.35,72,100,9.8,RU,1703920742
227,tamanrasset,22.785,5.5228,11.95,30,0,2.06,DZ,1703920743
228,tondano,1.3038,124.9112,25.05,77,96,1.01,ID,1703920744
229,kuusamo,65.9667,29.1833,-9.98,85,100,3.6,FI,1703920744
230,mangaratiba,-22.9597,-44.0406,25.48,77,34,2.37,BR,1703920744
231,west mackay,-21.1481,149.1605,34.24,70,0,7.47,AU,1703920745
232,crucecita,-28.95,-58.9833,19.94,90,32,4.9,AR,1703920746
233,whitehorse,60.7161,-135.0538,-9.39,85,100,1.03,CA,1703920746
234,nalut,30.3333,10.85,9.4,56,0,4.04,LY,1703920747
235,bozhou,33.8772,115.7703,13.31,39,0,6.29,CN,1703920717
236,sinabang,2.4803,96.3801,27.17,84,100,3.15,ID,1703920748
237,todos santos,23.45,-110.2167,17.39,48,1,2.15,MX,1703920749
238,berberati,4.2612,15.7922,25.09,32,87,1.37,CF,1703920707
239,zaysan,47.4667,84.8667,-0.71,80,98,2.5,KZ,1703920750
240,penonome,8.5167,-80.3667,24.82,62,100,3.13,PA,1703920750
241,kapit,2.0167,112.9333,31.49,69,98,1.31,MY,1703920750
242,auki,-8.7676,160.7034,27.38,83,91,0.79,SB,1703920751
243,entebbe,0.0644,32.4469,22.18,83,20,2.06,UG,1703920751
244,kristinehamn,59.3098,14.1081,-1.69,96,100,2.0,SE,1703920752
245,plettenberg bay,-34.0527,23.3716,21.43,81,100,2.64,ZA,1703920753
246,kharkhorin,47.1975,102.8238,-8.44,79,97,0.76,MN,1703920753
247,longyearbyen,78.2186,15.6401,-0.09,69,40,7.72,SJ,1703920754
248,lebu,-37.6167,-73.65,12.88,87,0,2.53,CL,1703920755
249,portland,45.5234,-122.6762,10.54,88,100,4.63,US,1703920656
250,port lincoln,-34.7333,135.8667,17.8,65,42,6.82,AU,1703920756
251,ta`u,-14.2336,-169.5144,27.67,80,64,4.05,AS,1703920756
252,bonthe,7.5264,-12.505,22.96,96,42,1.91,SL,1703920757
253,belmonte,-15.8631,-38.8828,24.76,83,100,4.49,BR,1703920757
254,tol'yatti,53.5303,49.3461,-2.45,97,100,3.06,RU,1703920642
255,peace river,56.2501,-117.286,-2.97,92,40,2.06,CA,1703920502
256,laguna,38.421,-121.4238,13.36,94,100,3.6,US,1703920758
257,nemuro,43.3236,145.575,-0.78,65,72,7.93,JP,1703920691
258,tangalle,6.024,80.7911,29.6,68,95,6.99,LK,1703920759
259,kodinar,20.7903,70.7031,28.62,36,6,2.29,IN,1703920759
260,marka,1.7159,44.7717,29.18,64,21,8.06,SO,1703920760
261,meadow lakes,61.6247,-149.6011,-16.87,83,100,0.0,US,1703920760
262,caxias,38.7031,-9.2767,10.82,92,20,3.13,PT,1703920761
263,bhiwani,28.7833,76.1333,19.14,38,100,1.92,IN,1703920259
264,bamboo flat,11.7,92.7167,31.05,66,98,5.14,IN,1703920762
265,khromtau,50.2503,58.4347,-0.78,97,100,9.12,KZ,1703920762
266,saurimo,-9.6608,20.3916,19.59,95,100,2.59,AO,1703920762
267,romanovo,52.6182,81.2271,-4.28,84,100,11.05,RU,1703920763
268,kalibo (poblacion),11.7061,122.3644,27.88,77,62,4.19,PH,1703920763
269,alice springs,-23.7,133.8833,38.75,14,43,5.66,AU,1703920764
270,tazovsky,67.4667,78.7,-17.64,94,100,9.05,RU,1703920764
271,miramichi,47.0043,-65.4654,-0.45,93,100,2.35,CA,1703920765
272,primero de mayo,-32.2552,-58.4228,15.31,66,1,3.17,AR,1703920766
273,kralendijk,12.15,-68.2667,25.99,89,95,3.09,BQ,1703920509
274,drabiv,49.963,32.1529,4.0,90,100,4.21,UA,1703920766
275,laojunmiao,39.8333,97.7333,3.93,16,22,2.85,CN,1703920767
276,suntar,62.1444,117.6319,-35.97,98,96,1.74,RU,1703920767
277,umea,63.8284,20.2597,-6.04,86,100,5.66,SE,1703920768
278,touros,-5.1989,-35.4608,25.43,85,98,3.53,BR,1703920768
279,lubliniec,50.669,18.6844,7.96,75,100,7.27,PL,1703920769
280,hadibu,12.65,54.0333,25.91,62,84,4.4,YE,1703920770
281,lensk,60.7253,114.9278,-26.24,97,100,1.15,RU,1703920770
282,kodiak,57.79,-152.4072,-11.27,85,0,3.6,US,1703920771
283,afaahiti,-17.75,-149.2833,26.93,83,100,4.01,PF,1703920771
284,chelak,39.9203,66.8611,3.42,43,6,1.15,UZ,1703920771
285,castillos,-34.1667,-53.8333,12.45,62,2,4.14,UY,1703920772
286,malmberget,67.1753,20.6549,-15.69,85,100,0.0,SE,1703920773
287,fort frances,48.5999,-93.4003,-0.88,93,100,1.54,CA,1703920773
288,nyaunglebin,17.95,96.7333,30.86,40,7,2.56,MM,1703920774
289,canutama,-6.5339,-64.3831,22.55,99,100,0.02,BR,1703920774
290,zalaegerszeg,46.84,16.8439,-0.23,86,100,1.45,HU,1703920775
291,ebaye,8.7748,167.7392,28.01,89,40,6.17,MH,1703920775
292,mahina,-17.5065,-149.489,27.87,83,20,2.06,PF,1703920776
293,wotho,10.1657,166.0102,27.61,84,100,7.86,MH,1703920777
294,vel'sk,61.0701,42.0983,-24.85,100,100,0.89,RU,1703920777
295,igarka,67.4667,86.5833,-11.67,94,100,5.88,RU,1703920778
296,gizo,-8.103,156.8419,29.51,72,26,0.65,SB,1703920778
297,vyazemskiy,47.5378,134.7525,-19.1,99,100,0.97,RU,1703920779
298,la passe,45.5549,-0.8967,6.13,95,92,3.64,FR,1703920779
299,monrovia,6.3005,-10.7969,24.03,95,80,2.75,LR,1703920780
300,saynshand,44.8824,110.1163,-8.42,89,10,2.28,MN,1703920781
301,sao gabriel,-30.3364,-54.32,14.31,86,0,4.29,BR,1703920781
302,arkalyk,50.2486,66.9114,-4.01,95,100,11.56,KZ,1703920782
303,chernyshevskiy,63.0128,112.4714,-31.46,99,91,1.21,RU,1703920782
304,jiuquan,39.7432,98.5174,2.84,23,23,3.88,CN,1703920783
305,wuxi,31.5689,120.2886,12.45,73,57,3.92,CN,1703920567
306,shimoda,34.6667,138.95,14.2,59,100,3.65,JP,1703920784
307,veraval,20.9,70.3667,27.67,40,3,1.72,IN,1703920784
308,trubchevsk,52.5798,33.7644,3.77,94,100,4.69,RU,1703920785
309,neiafu,-18.65,-173.9833,26.46,76,93,8.49,TO,1703920785
310,kaa-khem,51.6833,94.7333,-13.11,94,100,0.72,RU,1703920787
311,cidreira,-30.1811,-50.2056,18.39,75,36,4.93,BR,1703920787
312,esquina,-30.0144,-59.5272,17.56,71,5,3.93,AR,1703920788
313,mount pearl,47.5166,-52.7813,0.64,96,100,8.23,CA,1703920789
314,san andres,12.5847,-81.7006,27.01,83,20,2.57,CO,1703920789
315,hue,16.4667,107.6,23.06,94,75,2.57,VN,1703920491
316,el bauga,18.262,33.9081,20.43,36,0,5.18,SD,1703920790
317,turkeli,41.9476,34.3386,11.92,54,100,1.44,TR,1703920790
318,norilsk,69.3535,88.2027,-20.02,94,100,1.52,RU,1703920791
319,kuanda,56.3161,116.0806,-23.0,99,31,0.18,RU,1703920791
320,marlin,31.3063,-96.898,4.53,57,0,2.35,US,1703920792
321,al ghayzah,16.2079,52.176,25.47,62,49,1.2,YE,1703920792
322,guerrero negro,27.9769,-114.0611,16.95,79,100,3.67,MX,1703920793
323,walterboro,32.9052,-80.6668,3.86,87,100,3.09,US,1703920793
324,fukuecho,32.6881,128.8419,14.2,77,75,0.0,JP,1703920651
325,kaohsiung,22.6163,120.3133,23.97,57,75,4.12,TW,1703920083
326,tuyen quang,21.8233,105.2181,26.41,54,17,1.37,VN,1703920505
327,hassi messaoud,31.6804,6.0729,4.92,100,29,1.03,DZ,1703920794
328,polyarnyy,69.1989,33.4478,-12.78,97,97,1.35,RU,1703920795
329,holualoa,19.6228,-155.9522,22.1,87,100,2.57,US,1703920796
330,kudahuvadhoo,2.6708,72.8944,26.83,77,100,1.52,MV,1703920796
331,fuling,29.7022,107.3919,15.6,61,0,1.71,CN,1703920797
332,prince albert,53.2001,-105.7677,-14.03,92,0,4.63,CA,1703920797
333,kintampo,8.0563,-1.7306,21.87,25,0,0.69,GH,1703920797
334,hilo,19.7297,-155.09,20.85,99,100,2.06,US,1703920798
335,ketchikan,55.3422,-131.6461,11.99,87,100,7.72,US,1703920798
336,berezovyy,51.6667,135.7,-22.69,94,2,0.09,RU,1703920799
337,dhidhdhoo,6.8833,73.1,27.6,78,72,5.86,MV,1703920800
338,happy valley-goose bay,53.3168,-60.3315,-8.83,86,100,0.0,CA,1703920800
339,asau,46.4333,26.4,-2.49,82,93,2.5,RO,1703920801
340,longavi,-35.9667,-71.6833,14.7,75,6,2.76,CL,1703920801
341,manay,7.215,126.5397,28.94,73,48,2.16,PH,1703920802
342,cambria,35.5641,-121.0808,14.3,99,100,1.79,US,1703920803
343,cabo san lucas,22.8909,-109.9124,19.86,68,0,1.63,MX,1703920803
344,usogorsk,63.4106,48.6872,-18.52,99,100,1.7,RU,1703920804
345,puyang chengguanzhen,35.7028,115.0053,7.56,65,0,3.64,CN,1703920804
346,whakatane,-37.9585,176.9854,23.27,94,2,1.34,NZ,1703920805
347,chibougamau,49.9168,-74.3659,-10.21,85,100,3.6,CA,1703920805
348,malakanagiri,18.35,81.9,30.33,33,9,1.17,IN,1703920805
349,son la,21.3167,103.9,26.48,39,28,0.78,VN,1703920520
350,new norfolk,-42.7826,147.0587,17.18,50,86,4.24,AU,1703920806
351,murraysville,34.2957,-77.8475,4.98,77,0,4.63,US,1703920806
352,bandar,2.05,99.75,26.01,93,100,1.1,ID,1703920808
353,rocha,-34.4833,-54.3333,12.73,61,3,3.73,UY,1703920808
354,cumberland,35.0502,-78.8664,3.28,79,0,3.09,US,1703920394
355,new plymouth,-39.0667,174.0833,19.89,95,100,3.25,NZ,1703920572
356,carnarvon,-24.8667,113.6333,25.28,65,77,7.1,AU,1703920809
357,kourou,5.1552,-52.6478,25.03,91,75,2.7,GF,1703920810
358,haiku-pauwela,20.9219,-156.3051,21.69,80,20,5.14,US,1703920810
359,mizdah,31.4451,12.9801,8.44,62,8,1.73,LY,1703920810
360,ambagarh chauki,20.7833,80.7167,28.13,31,0,1.68,IN,1703920811
361,puerto baquerizo moreno,-0.9,-89.6,23.71,89,63,2.9,EC,1703920811
362,mirnyy,62.5353,113.9611,-28.94,98,100,1.47,RU,1703920812
363,newman,37.3138,-121.0208,13.49,91,100,2.24,US,1703920812
364,pisco,-13.7,-76.2167,21.03,88,0,4.63,PE,1703920813
365,chimoio,-19.1164,33.4833,18.76,98,100,2.66,MZ,1703920814
366,maumelle,34.8668,-92.4043,1.82,85,0,1.85,US,1703920814
367,nguigmi,14.2495,13.1092,18.19,27,0,5.28,NE,1703920814
368,custodia,-8.0875,-37.6431,22.81,71,12,2.38,BR,1703920815
369,prince rupert,54.3161,-130.3201,11.05,88,100,9.77,CA,1703920815
370,silver city,32.7701,-108.2803,4.24,32,0,5.14,US,1703920816
371,gadzhiyevo,69.2551,33.3362,-13.27,98,99,1.41,RU,1703920816
372,nadym,65.5333,72.5167,-11.84,94,100,10.59,RU,1703920817
373,bhinga,27.7167,81.9333,22.78,44,1,1.49,IN,1703920817
374,bandar lampung,-5.4254,105.258,30.46,68,100,1.29,ID,1703920788
375,lockwood,45.8191,-108.4149,4.03,63,20,9.26,US,1703920818
376,maraba,-5.3686,-49.1178,26.1,83,0,1.54,BR,1703920760
377,blacksburg,37.2296,-80.4139,1.55,82,100,2.24,US,1703920819
378,caussade,44.1608,1.5391,9.05,94,100,1.47,FR,1703920819
379,crane,31.3974,-102.3501,7.92,30,0,3.17,US,1703920820
380,jiazi,22.8779,116.067,23.01,55,64,3.12,CN,1703920820
381,mata-utu,-13.2816,-176.1745,27.81,81,100,5.37,WF,1703920820
382,arar,30.9753,41.0381,12.01,94,75,3.09,SA,1703920821
383,coronel dorrego,-38.7187,-61.2873,11.55,66,0,2.13,AR,1703920629
384,yemetsk,63.4721,41.7941,-24.36,100,92,1.31,RU,1703920821
385,tatsinskiy,48.1968,41.2756,3.86,90,56,4.63,RU,1703920822
386,paita,-5.0892,-81.1144,22.67,78,100,3.27,PE,1703920823
387,kapa'a,22.0752,-159.319,22.18,85,100,3.6,US,1703920823
388,kili,5.6439,169.1211,28.31,81,100,6.72,MH,1703920823
389,qorovulbozor,39.5006,64.7936,3.84,34,3,2.16,UZ,1703920824
390,island harbour,50.724,-1.2758,11.04,90,100,3.13,GB,1703920824
391,sao felix do xingu,-6.6447,-51.995,22.23,99,96,0.59,BR,1703920825
392,petoskey,45.3733,-84.9553,0.17,91,100,1.54,US,1703920825
393,lata,40.1629,-8.3327,10.6,75,88,1.47,PT,1703920825
394,mancio lima,-7.6142,-72.8958,22.65,98,100,0.87,BR,1703920826
395,mili,6.0815,171.735,28.14,83,100,7.89,MH,1703920827
396,vila franca do campo,37.7167,-25.4333,16.23,79,100,2.41,PT,1703920827
397,federal,-30.9547,-58.7833,16.12,62,5,6.1,AR,1703920827
398,codrington,-38.2667,141.9667,15.7,58,16,6.3,AU,1703920828
399,wynyard,-41.0,145.7167,16.73,41,5,5.77,AU,1703920828
400,petrolina de goias,-16.095,-49.3381,22.61,93,100,0.54,BR,1703920829
401,mayya,61.7333,130.2811,-45.38,100,95,0.93,RU,1703920830
402,ust'-uda,54.1742,103.0304,-7.15,94,100,1.71,RU,1703920830
403,vorkuta,67.5,64.0,-19.89,86,94,7.67,RU,1703920727
404,al hawatah,13.4167,34.6333,25.91,21,4,3.89,SD,1703920831
405,rio brilhante,-21.8019,-54.5464,23.13,87,100,1.82,BR,1703920831
406,arkhangel'sk,64.5401,40.5433,-19.94,76,75,1.0,RU,1703920831
407,kingscliff,-28.2667,153.5667,25.89,65,98,6.69,AU,1703920832
408,sao vicente,-23.9631,-46.3919,28.1,26,88,0.89,BR,1703920832
409,daly city,37.7058,-122.4619,12.62,95,100,4.02,US,1703920833
410,ofunato,39.0717,141.7167,5.73,73,100,2.66,JP,1703920805
411,amahai,-3.3333,128.9167,29.57,72,100,2.34,ID,1703920745
412,nadi,-17.8,177.4167,29.0,74,40,2.57,FJ,1703920834
413,kloulklubed,7.0419,134.2556,30.28,79,100,5.79,PW,1703920835
414,saudarkrokur,65.7461,-19.6394,-12.69,94,86,2.73,IS,1703920835
415,argostolion,38.1811,20.489,13.04,65,75,0.0,GR,1703920836
416,itabirito,-20.2533,-43.8014,23.54,84,99,1.11,BR,1703920836
417,sinjai,-5.1241,120.253,31.38,64,100,3.62,ID,1703920837
418,at taj,24.2049,23.2857,13.14,55,0,2.8,LY,1703920837
419,konkwesso,10.8469,4.0984,19.24,24,5,2.0,NG,1703920838
420,vorgashor,67.5833,63.95,-20.31,86,96,8.39,RU,1703920838
421,mitu,1.1983,-70.1733,22.43,99,100,0.6,CO,1703920839
422,lompoc,34.6391,-120.4579,16.55,82,100,4.12,US,1703920839
423,lospalos,-8.5186,127.0025,29.09,65,100,4.17,TL,1703920839
424,kill devil hills,36.0307,-75.676,7.01,75,75,5.66,US,1703920840
425,miramar beach,30.3744,-86.3586,9.01,73,0,2.06,US,1703920840
426,dunedin,-45.8742,170.5036,12.67,91,100,1.79,NZ,1703920805
427,carranglan,15.9613,121.0641,30.37,58,100,1.41,PH,1703920841
428,mawu,29.5923,107.3139,13.99,62,0,1.8,CN,1703920842
429,essex,40.7834,-74.2163,7.69,75,75,5.66,US,1703920842
430,nova sintra,14.8667,-24.7167,22.67,71,75,2.61,CV,1703920843
431,fort bragg,35.139,-79.006,2.91,80,0,3.09,US,1703920843
432,uruacu,-14.5247,-49.1408,22.79,86,100,0.36,BR,1703920844
433,sittwe,20.15,92.9,25.18,63,24,2.73,MM,1703920844
434,san pablo villa de mitla,16.9167,-96.4,13.49,82,100,1.99,MX,1703920845
435,bondo,3.8146,23.6866,27.76,31,29,1.63,CD,1703920845
436,kontcha,7.9667,12.2333,22.95,28,3,0.59,CM,1703920846
437,bowen,-20.0167,148.2333,29.65,69,0,6.5,AU,1703920847
438,maquoketa,42.0689,-90.6657,-2.27,90,12,1.94,US,1703920847
439,qulsary,46.9531,54.0198,3.11,81,100,6.3,KZ,1703920848
440,camana,-16.6228,-72.7111,21.59,86,100,2.36,PE,1703920848
441,retreat,38.8245,-85.8533,2.5,96,100,0.45,US,1703920849
442,mil'kovo,55.6078,37.7956,3.57,94,100,7.02,RU,1703920850
443,keelung,25.1283,121.7419,22.94,83,82,1.29,TW,1703920552
444,kayangel,8.0823,134.7173,28.73,80,99,7.06,PW,1703920851
445,new ipswich,42.7481,-71.8542,5.7,95,100,1.34,US,1703920852
446,qamdo,31.1667,97.2333,-3.76,13,0,0.69,CN,1703920852
447,richards bay,-28.783,32.0377,25.3,62,53,3.56,ZA,1703920798
448,milford haven,51.7128,-5.0341,10.81,90,100,11.37,GB,1703920853
449,datu piang,7.0283,124.5025,33.5,52,89,2.58,PH,1703920853
450,leon,21.1167,-101.6667,9.05,74,48,1.97,MX,1703920854
451,puerto princesa,9.7392,118.7353,31.99,70,20,7.2,PH,1703920667
452,vila do maio,15.1333,-23.2167,24.44,76,19,4.85,CV,1703920854
453,quesada,10.3238,-84.4271,22.73,97,100,0.26,CR,1703920855
454,dryden,49.7833,-92.7503,-3.84,100,100,0.0,CA,1703920855
455,kanniyakumari,8.0833,77.5667,28.38,72,99,11.15,IN,1703920856
456,mejit,10.2753,170.8646,27.05,85,93,9.24,MH,1703920856
457,zyryanskoye,56.8306,86.6258,-5.11,84,100,8.9,RU,1703920856
458,cole harbour,44.6724,-63.4751,0.71,95,100,4.02,CA,1703920800
459,dali,25.7,100.1833,14.97,38,20,1.54,CN,1703920857
460,naze,28.3667,129.4833,19.51,85,99,9.75,JP,1703920858
461,vernon,50.2581,-119.2691,1.83,90,91,0.51,CA,1703920858
462,kyabe,9.4515,18.9449,26.2,23,8,2.95,TD,1703920859
463,huntsville,34.7304,-86.5861,2.7,92,100,2.68,US,1703920859
464,paidha,2.4167,30.9855,23.91,50,67,2.94,UG,1703920860
465,balkanabat,39.5108,54.3671,11.63,30,5,2.17,TM,1703920860
466,mothihari,26.65,84.9167,23.77,38,2,2.45,IN,1703920860
467,el kala,36.8956,8.4433,8.23,63,100,1.03,DZ,1703920861
468,turan,16.0678,108.2208,23.99,88,75,2.57,VN,1703920614
469,healesville,-37.65,145.5167,18.63,64,56,2.68,AU,1703920596
470,al kharj,24.155,47.3346,19.32,53,100,4.64,SA,1703920862
471,lander,42.833,-108.7307,-9.12,85,0,0.0,US,1703920862
472,cedeira,43.6797,-8.0209,8.48,83,99,7.11,ES,1703920863
473,spring creek,40.7266,-115.5859,2.94,59,100,1.79,US,1703920863
474,vilyuysk,63.7553,121.6247,-43.89,99,79,0.89,RU,1703920864
475,i-n-salah,27.1935,2.4607,11.56,46,0,4.85,DZ,1703920864
476,vila velha,-20.3297,-40.2925,24.97,92,0,2.57,BR,1703920865
477,chabahar,25.2919,60.643,23.74,59,0,0.5,IR,1703920865
478,pleasant hill,37.948,-122.0608,13.29,94,100,1.34,US,1703920865
479,antonio enes,-16.2325,39.9086,31.1,66,100,3.11,MZ,1703920852
480,ishigaki,24.3448,124.1572,25.07,88,75,3.6,JP,1703920837
481,ashburton,-37.8626,145.0794,18.85,66,26,2.24,AU,1703920866
482,san fernando de apure,7.8878,-67.4724,26.13,65,98,2.68,VE,1703920867
483,maymana,35.9214,64.7836,5.33,67,29,2.95,AF,1703920867
484,coquimbo,-29.9533,-71.3436,16.85,82,75,0.51,CL,1703920725
485,rouissat,31.9243,5.3502,5.04,100,61,1.54,DZ,1703920868
486,perleberg,53.0667,11.8667,6.59,84,67,7.5,DE,1703920868
487,sungailiat,-1.85,106.1333,29.5,71,37,3.23,ID,1703920869
488,den helder,52.9599,4.7593,7.99,78,75,9.26,NL,1703920869
489,malanje,-9.5402,16.341,18.51,90,100,2.51,AO,1703920870
490,novodvinsk,64.4165,40.8122,-20.14,100,100,1.15,RU,1703920871
491,sur,22.5667,59.5289,24.41,66,1,4.33,OM,1703920871
492,frontera,26.9333,-101.45,9.07,58,0,0.89,MX,1703920872
493,greymouth,-42.4667,171.2,16.0,79,100,1.81,NZ,1703920872
494,lamu,-2.2717,40.902,30.12,79,100,4.88,KE,1703920873
495,lorengau,-2.0226,147.2712,28.6,79,100,1.55,PG,1703920873
496,amungan,15.3652,119.9582,29.23,69,100,4.57,PH,1703920874
497,hobyo,5.3505,48.5268,27.55,65,76,9.4,SO,1703920874
498,adrar,20.5022,-10.0711,12.22,18,9,4.23,MR,1703920875
499,fethiye,36.6217,29.1164,8.93,67,100,1.88,TR,1703920876
500,inda silase,14.1031,38.2829,20.73,38,6,1.29,ET,1703920877
501,shenjiamen,29.9576,122.298,13.34,71,9,3.3,CN,1703920877
502,saint-francois,46.4154,3.9054,4.25,99,40,2.57,FR,1703920877
503,murun-kuren,49.6342,100.1625,-10.85,76,33,0.83,MN,1703920878
504,santa barbara,34.7333,-120.0343,12.78,73,100,3.91,US,1703920878
505,ola,59.5833,151.2833,-26.26,82,91,4.65,RU,1703920879
506,sarina,-21.4333,149.2167,34.04,43,0,6.7,AU,1703920879
507,kwekwe,-18.9281,29.8149,18.58,82,80,4.6,ZW,1703920879
508,eustaquio lopez,10.8225,123.0411,30.17,69,95,4.56,PH,1703920880
509,kindu,-2.95,25.95,21.91,97,100,0.6,CD,1703920880
510,korla,41.7597,86.1469,0.05,52,100,0.98,CN,1703920881
511,tosontsengel,48.7567,98.2839,-12.05,70,100,1.16,MN,1703920881
512,hassleholm,56.1591,13.7664,4.75,92,96,3.98,SE,1703920882
513,tromso,69.6496,18.957,-4.99,58,0,7.2,NO,1703920882
514,penzance,50.1186,-5.5371,11.38,87,100,13.59,GB,1703920883
515,phongsali,21.6833,102.1058,20.72,42,86,1.05,LA,1703920883
516,nantucket,41.2835,-70.0995,8.06,100,0,4.12,US,1703920884
517,bijie,27.3125,105.2942,14.9,50,0,2.05,CN,1703920884
518,sakakah,29.9697,40.2064,12.76,76,100,4.28,SA,1703920885
519,brookings,44.3114,-96.7984,-0.35,93,0,1.79,US,1703920885
520,hoemul-li,41.4339,129.67,0.64,92,100,1.96,KP,1703920886
521,remigio,-6.9333,-35.7833,20.6,92,63,1.26,BR,1703920887
522,natal,-5.795,-35.2094,24.12,94,40,2.06,BR,1703920887
523,buncrana,55.1333,-7.45,4.87,87,100,9.44,IE,1703920888
524,pestravka,52.405,49.9583,0.9,98,100,5.12,RU,1703920888
525,nanzhang chengguanzhen,31.7839,111.8275,16.05,56,0,2.08,CN,1703920889
526,chios,38.3678,26.1358,10.92,87,20,1.54,GR,1703920889
527,nuku'alofa,-21.1333,-175.2,25.59,79,100,7.91,TO,1703920890
528,palikir - national government center,6.9248,158.1611,30.47,74,100,2.57,FM,1703920890
529,quimili,-27.6333,-62.4167,21.33,78,100,2.83,AR,1703920891
530,acatenango,14.5519,-90.9422,16.44,89,79,2.3,GT,1703920891
531,chul'man,56.8479,124.9104,-36.16,100,29,0.52,RU,1703920892
532,novyye burasy,52.1324,46.0714,0.92,98,100,6.47,RU,1703920893
533,opuwo,-18.0607,13.84,22.51,43,4,1.72,NA,1703920810
534,puerto san jose,13.9256,-90.8244,23.62,86,98,1.91,GT,1703920893
535,liuli,-11.0833,34.6333,27.8,67,100,2.72,TZ,1703920894
536,nicoya,10.1483,-85.452,23.5,92,100,0.61,CR,1703920894
537,aba,5.1066,7.3667,22.79,81,1,1.59,NG,1703920895
538,murzuq,25.9155,13.9184,10.37,48,0,1.95,LY,1703920895
539,aylmer,42.7668,-80.983,2.03,78,95,3.93,CA,1703920896
540,tobelo,1.7284,128.0095,29.2,75,50,3.53,ID,1703920896
541,cooper's town,26.8667,-77.5167,19.72,73,100,6.04,BS,1703920897
542,san pedro pochutla,15.7333,-96.4667,21.55,81,0,1.68,MX,1703920897
543,kostomuksha,64.571,30.5767,-13.99,98,99,2.38,RU,1703920898
544,duong dong,10.2167,103.9667,31.0,62,0,4.63,VN,1703920804
545,sheridan,44.8333,-106.9173,4.06,74,40,1.54,US,1703920899
546,socorro,31.6546,-106.3033,10.27,35,0,2.57,US,1703920882
547,selfoss,63.9331,-20.9971,-4.98,89,100,3.13,IS,1703920899
548,kuta,-8.7233,115.1723,32.97,66,20,4.12,ID,1703920871
549,fujin,47.26,132.0322,-17.45,93,100,0.95,CN,1703920900
550,gogrial,8.5332,28.1004,26.57,21,0,4.22,SS,1703920900
551,mumford,5.2618,-0.759,26.5,78,5,0.43,GH,1703920901
552,baiti,13.745,-14.7482,22.74,15,5,4.43,SN,1703920901
553,jayapura,-2.5333,140.7,30.66,74,100,2.74,ID,1703920902
554,palmer,42.1584,-72.3287,6.75,90,100,2.96,US,1703920902
555,sarkad,46.75,21.3833,5.31,92,100,3.95,HU,1703920903
556,selkirk,50.1436,-96.8845,-4.91,93,100,4.66,CA,1703920903
557,lebanon,36.2081,-86.2911,3.49,90,100,2.57,US,1703920904
558,sola,-13.8833,167.55,28.16,77,100,5.54,VU,1703920904
559,le port,-20.9373,55.2919,31.0,85,100,2.31,RE,1703920905
560,thunder bay,48.4001,-89.3168,-2.01,93,100,1.54,CA,1703920905
561,namtsy,62.7161,129.6658,-46.96,100,100,0.52,RU,1703920906
562,cadereyta,25.5833,-99.9833,8.4,59,0,1.37,MX,1703920906
563,datong,40.0936,113.2914,-3.01,66,91,4.39,CN,1703920907
564,kaifeng,34.7911,114.3483,12.0,34,0,8.14,CN,1703920907
565,mezhdurechenskiy,59.6,65.9333,-6.3,94,100,6.93,RU,1703920908
566,margate,51.3813,1.3862,9.39,82,100,0.89,GB,1703920908
567,fortuna,40.5982,-124.1573,13.14,95,100,7.2,US,1703920872
568,boguchany,58.3814,97.4531,-2.86,92,51,4.47,RU,1703920909
569,malinyi,-8.9333,36.1333,27.23,80,100,0.73,TZ,1703920910
570,villa gesell,-37.2639,-56.973,11.1,76,5,6.4,AR,1703920910
571,talara,-4.5772,-81.2719,22.55,81,100,4.09,PE,1703920910
572,okhotsk,59.3833,143.3,-28.03,84,35,5.95,RU,1703920911
573,irymple,-34.25,142.1667,26.16,36,0,0.45,AU,1703920911
574,ilha solteira,-20.4328,-51.3425,25.74,60,97,0.96,BR,1703920912
575,egilsstadir,65.2653,-14.3948,-8.05,93,100,1.54,IS,1703920912
576,gaigeturi,33.4644,126.3183,14.03,67,50,1.03,KR,1703920913
577,gorontalo,0.5412,123.0595,30.94,67,83,1.44,ID,1703920913
578,kirensk,57.7853,108.1119,-14.35,98,96,0.49,RU,1703920914
579,kingston,17.997,-76.7936,26.53,83,20,2.57,JM,1703920914
580,diego de almagro,-26.3667,-70.05,18.53,43,91,0.76,CL,1703920915
581,pandan,14.0453,124.1694,27.44,87,100,5.36,PH,1703920915
582,gundlupet,11.8,76.6833,26.52,54,97,4.44,IN,1703920916
583,kalmunai,7.4167,81.8167,28.22,76,94,6.63,LK,1703920916
584,gamboma,-1.8764,15.8644,25.67,72,100,1.53,CG,1703920916
